start_ts,weather_conditions,duration_seconds
25/11/2017 16:00,Good,2410
25/11/2017 14:00,Good,1920
25/11/2017 12:00,Good,1543
4/11/2017 10:00,Good,2512
11/11/2017 7:00,Good,1440
11/11/2017 4:00,Good,1320
4/11/2017 16:00,Bad,2969
18/11/2017 11:00,Good,2280
11/11/2017 14:00,Good,2460
11/11/2017 12:00,Good,2040
18/11/2017 6:00,Good,1500
4/11/2017 11:00,Good,2040
11/11/2017 8:00,Good,1470
4/11/2017 8:00,Good,1546
11/11/2017 16:00,Good,2100
25/11/2017 13:00,Good,60
4/11/2017 12:00,Good,2640
25/11/2017 10:00,Good,1502
11/11/2017 12:00,Good,1915
4/11/2017 12:00,Good,2769
11/11/2017 13:00,Good,2250
11/11/2017 4:00,Good,1260
18/11/2017 14:00,Good,2826
4/11/2017 14:00,Good,3360
4/11/2017 14:00,Good,3180
25/11/2017 20:00,Good,2100
4/11/2017 10:00,Good,1800
11/11/2017 12:00,Good,2289
4/11/2017 8:00,Good,1494
11/11/2017 11:00,Good,1560
18/11/2017 12:00,Bad,1980
11/11/2017 13:00,Good,2115
11/11/2017 10:00,Good,1506
4/11/2017 12:00,Good,2580
4/11/2017 17:00,Bad,2460
11/11/2017 9:00,Good,1620
4/11/2017 6:00,Good,1163
4/11/2017 5:00,Good,1533
11/11/2017 4:00,Good,1477
11/11/2017 19:00,Good,1984
4/11/2017 13:00,Good,2940
4/11/2017 7:00,Good,1320
4/11/2017 6:00,Good,1440
11/11/2017 6:00,Good,1260
11/11/2017 8:00,Good,1560
4/11/2017 9:00,Good,1683
11/11/2017 5:00,Good,1343
18/11/2017 6:00,Good,1742
4/11/2017 9:00,Good,1560
11/11/2017 8:00,Good,1358
11/11/2017 12:00,Good,1980
4/11/2017 16:00,Bad,2760
18/11/2017 12:00,Bad,2460
25/11/2017 12:00,Good,1380
18/11/2017 10:00,Bad,1440
25/11/2017 14:00,Good,1620
11/11/2017 8:00,Good,1415
25/11/2017 5:00,Good,1325
11/11/2017 19:00,Good,1920
18/11/2017 6:00,Good,2100
11/11/2017 8:00,Good,1320
11/11/2017 10:00,Good,1260
11/11/2017 6:00,Good,1260
11/11/2017 8:00,Good,1200
25/11/2017 8:00,Good,1320
4/11/2017 18:00,Bad,2363
11/11/2017 18:00,Good,2280
25/11/2017 10:00,Good,1320
4/11/2017 6:00,Good,1140
11/11/2017 18:00,Good,2520
18/11/2017 16:00,Bad,3000
11/11/2017 8:00,Good,1140
4/11/2017 14:00,Good,3084
11/11/2017 8:00,Good,1380
11/11/2017 8:00,Good,1380
4/11/2017 9:00,Good,1380
4/11/2017 9:00,Good,1380
11/11/2017 12:00,Good,2213
4/11/2017 16:00,Bad,3120
11/11/2017 15:00,Good,4800
4/11/2017 5:00,Good,1260
11/11/2017 6:00,Good,1346
18/11/2017 11:00,Good,2843
11/11/2017 10:00,Good,1435
11/11/2017 17:00,Good,2426
4/11/2017 9:00,Good,1740
25/11/2017 7:00,Good,2340
18/11/2017 5:00,Good,2075
4/11/2017 4:00,Good,1333
4/11/2017 11:00,Good,2574
11/11/2017 12:00,Good,2441
4/11/2017 14:00,Good,3300
18/11/2017 7:00,Bad,1511
4/11/2017 10:00,Good,2460
11/11/2017 18:00,Good,2220
4/11/2017 10:00,Good,2551
11/11/2017 7:00,Good,1200
11/11/2017 16:00,Good,2062
4/11/2017 12:00,Good,2999
4/11/2017 8:00,Good,1677
4/11/2017 6:00,Good,1177
11/11/2017 6:00,Good,1475
4/11/2017 18:00,Bad,1980
4/11/2017 15:00,Good,3201
25/11/2017 18:00,Good,2760
11/11/2017 9:00,Good,1380
11/11/2017 7:00,Good,1380
18/11/2017 8:00,Bad,1320
25/11/2017 8:00,Good,1277
11/11/2017 4:00,Good,1213
18/11/2017 13:00,Bad,4044
4/11/2017 21:00,Good,1680
11/11/2017 11:00,Good,2074
4/11/2017 16:00,Bad,2782
11/11/2017 16:00,Good,2591
4/11/2017 14:00,Good,3120
11/11/2017 8:00,Good,1260
11/11/2017 7:00,Good,1380
11/11/2017 10:00,Good,1440
4/11/2017 14:00,Good,3300
4/11/2017 14:00,Good,3240
4/11/2017 19:00,Good,1869
11/11/2017 6:00,Good,1218
11/11/2017 11:00,Good,1620
11/11/2017 10:00,Good,1380
11/11/2017 8:00,Good,1380
11/11/2017 9:00,Good,1380
11/11/2017 7:00,Good,1320
11/11/2017 13:00,Good,2123
11/11/2017 7:00,Good,1384
11/11/2017 10:00,Good,1260
4/11/2017 13:00,Good,3060
18/11/2017 15:00,Good,3480
11/11/2017 12:00,Good,2071
18/11/2017 12:00,Bad,3024
11/11/2017 11:00,Good,1380
25/11/2017 6:00,Good,1200
18/11/2017 13:00,Bad,3300
11/11/2017 13:00,Good,2100
25/11/2017 13:00,Good,1560
4/11/2017 12:00,Good,2760
11/11/2017 17:00,Good,2460
11/11/2017 10:00,Good,1740
11/11/2017 6:00,Good,1667
18/11/2017 18:00,Good,2056
11/11/2017 10:00,Good,1473
11/11/2017 14:00,Good,2340
4/11/2017 16:00,Bad,3180
4/11/2017 11:00,Good,2220
18/11/2017 14:00,Good,3540
4/11/2017 14:00,Good,2778
18/11/2017 6:00,Good,1420
11/11/2017 21:00,Good,1920
4/11/2017 14:00,Good,3480
25/11/2017 20:00,Good,1980
18/11/2017 10:00,Bad,2055
11/11/2017 12:00,Good,2240
11/11/2017 15:00,Good,2380
11/11/2017 17:00,Good,2160
4/11/2017 8:00,Good,1539
25/11/2017 10:00,Good,1591
18/11/2017 14:00,Good,2588
11/11/2017 3:00,Good,1162
11/11/2017 9:00,Good,0
18/11/2017 9:00,Bad,1260
18/11/2017 13:00,Bad,2940
18/11/2017 16:00,Bad,2340
18/11/2017 12:00,Bad,2220
11/11/2017 7:00,Good,0
4/11/2017 22:00,Good,1380
4/11/2017 12:00,Good,2220
25/11/2017 11:00,Good,1140
11/11/2017 10:00,Good,1239
4/11/2017 8:00,Good,1380
4/11/2017 14:00,Good,2820
4/11/2017 14:00,Good,3060
4/11/2017 16:00,Bad,3130
18/11/2017 15:00,Good,2877
18/11/2017 12:00,Bad,2934
11/11/2017 6:00,Good,1260
4/11/2017 16:00,Bad,3270
18/11/2017 19:00,Good,1860
11/11/2017 11:00,Good,2054
11/11/2017 16:00,Good,2293
11/11/2017 6:00,Good,1500
4/11/2017 15:00,Good,2880
25/11/2017 9:00,Good,1473
25/11/2017 4:00,Good,1384
4/11/2017 10:00,Good,2525
4/11/2017 8:00,Good,1323
4/11/2017 8:00,Good,1323
4/11/2017 12:00,Good,2160
18/11/2017 8:00,Bad,1500
25/11/2017 5:00,Good,1487
4/11/2017 6:00,Good,1020
11/11/2017 7:00,Good,1140
18/11/2017 10:00,Bad,1440
4/11/2017 10:00,Good,1883
11/11/2017 14:00,Good,2225
18/11/2017 11:00,Good,2415
4/11/2017 14:00,Good,3411
18/11/2017 12:00,Bad,2571
4/11/2017 12:00,Good,2640
18/11/2017 0:00,Bad,480
18/11/2017 19:00,Good,0
11/11/2017 10:00,Good,1414
11/11/2017 12:00,Good,1981
11/11/2017 8:00,Good,1200
4/11/2017 11:00,Good,2160
11/11/2017 15:00,Good,2400
11/11/2017 20:00,Good,1500
18/11/2017 14:00,Good,3660
25/11/2017 14:00,Good,1740
4/11/2017 18:00,Bad,2580
11/11/2017 16:00,Good,2940
11/11/2017 9:00,Good,1260
4/11/2017 8:00,Good,1380
18/11/2017 15:00,Good,3600
18/11/2017 17:00,Bad,2100
18/11/2017 7:00,Bad,1366
4/11/2017 10:00,Good,1717
4/11/2017 12:00,Good,2441
4/11/2017 10:00,Good,2479
11/11/2017 10:00,Good,1439
4/11/2017 6:00,Good,1207
11/11/2017 13:00,Good,1680
18/11/2017 6:00,Good,1440
18/11/2017 7:00,Bad,1560
4/11/2017 10:00,Good,2112
11/11/2017 15:00,Good,2160
11/11/2017 9:00,Good,1380
4/11/2017 7:00,Good,1200
4/11/2017 11:00,Good,2328
4/11/2017 18:00,Bad,2580
4/11/2017 5:00,Good,1620
4/11/2017 5:00,Good,1217
11/11/2017 8:00,Good,1237
11/11/2017 7:00,Good,1074
18/11/2017 11:00,Good,2120
18/11/2017 8:00,Bad,1404
11/11/2017 10:00,Good,1243
18/11/2017 5:00,Good,1226
11/11/2017 11:00,Good,2100
11/11/2017 5:00,Good,1320
25/11/2017 5:00,Good,1123
11/11/2017 5:00,Good,1504
4/11/2017 6:00,Good,1439
18/11/2017 16:00,Bad,2811
18/11/2017 11:00,Good,2094
11/11/2017 6:00,Good,1430
11/11/2017 6:00,Good,1260
11/11/2017 10:00,Good,1421
18/11/2017 12:00,Bad,3026
4/11/2017 10:00,Good,2006
4/11/2017 14:00,Good,3120
25/11/2017 12:00,Good,1380
11/11/2017 6:00,Good,1415
18/11/2017 13:00,Bad,3390
18/11/2017 14:00,Good,2994
11/11/2017 10:00,Good,1476
11/11/2017 11:00,Good,1620
4/11/2017 17:00,Bad,2640
4/11/2017 7:00,Good,1380
25/11/2017 12:00,Good,1332
4/11/2017 14:00,Good,2760
4/11/2017 17:00,Bad,2940
25/11/2017 12:00,Good,1260
4/11/2017 2:00,Good,2956
11/11/2017 4:00,Good,1304
25/11/2017 10:00,Good,1676
11/11/2017 6:00,Good,1380
18/11/2017 12:00,Bad,2700
4/11/2017 11:00,Good,2700
4/11/2017 6:00,Good,2928
11/11/2017 6:00,Good,3332
4/11/2017 13:00,Good,3008
18/11/2017 12:00,Bad,4980
18/11/2017 4:00,Good,1737
18/11/2017 6:00,Good,1380
4/11/2017 5:00,Good,1365
25/11/2017 6:00,Good,2842
11/11/2017 11:00,Good,1680
11/11/2017 10:00,Good,1872
4/11/2017 18:00,Bad,2255
11/11/2017 6:00,Good,1320
4/11/2017 16:00,Bad,2620
4/11/2017 12:00,Good,2740
11/11/2017 6:00,Good,1498
11/11/2017 9:00,Good,1443
11/11/2017 10:00,Good,1200
4/11/2017 12:00,Good,2460
11/11/2017 7:00,Good,1440
18/11/2017 6:00,Good,1680
4/11/2017 14:00,Good,3360
11/11/2017 8:00,Good,1404
18/11/2017 15:00,Good,3660
4/11/2017 17:00,Bad,2640
4/11/2017 16:00,Bad,2981
25/11/2017 7:00,Good,1363
4/11/2017 9:00,Good,1839
4/11/2017 6:00,Good,1500
11/11/2017 7:00,Good,1500
18/11/2017 11:00,Good,2412
18/11/2017 14:00,Good,3780
11/11/2017 18:00,Good,3900
4/11/2017 12:00,Good,2897
18/11/2017 6:00,Good,1201
4/11/2017 10:00,Good,2444
11/11/2017 12:00,Good,1860
4/11/2017 12:00,Good,2460
4/11/2017 18:00,Bad,2220
4/11/2017 16:00,Bad,2995
25/11/2017 11:00,Good,1643
11/11/2017 11:00,Good,1530
11/11/2017 6:00,Good,1441
4/11/2017 11:00,Good,2425
11/11/2017 5:00,Good,1386
25/11/2017 18:00,Good,2280
18/11/2017 13:00,Bad,3317
25/11/2017 14:00,Good,1758
4/11/2017 14:00,Good,3000
4/11/2017 6:00,Good,1496
18/11/2017 14:00,Good,2940
11/11/2017 11:00,Good,1740
4/11/2017 12:00,Good,3057
4/11/2017 11:00,Good,2611
4/11/2017 14:00,Good,3887
4/11/2017 12:00,Good,2400
25/11/2017 9:00,Good,1320
11/11/2017 9:00,Good,1623
11/11/2017 10:00,Good,1554
25/11/2017 6:00,Good,1391
4/11/2017 7:00,Good,1140
11/11/2017 6:00,Good,1260
18/11/2017 6:00,Good,1740
11/11/2017 8:00,Good,1380
11/11/2017 10:00,Good,1560
4/11/2017 16:00,Bad,2880
25/11/2017 16:00,Good,1620
11/11/2017 17:00,Good,2040
18/11/2017 8:00,Bad,1440
25/11/2017 15:00,Good,1672
11/11/2017 16:00,Good,2141
11/11/2017 6:00,Good,1260
4/11/2017 17:00,Bad,2880
11/11/2017 17:00,Good,2271
11/11/2017 18:00,Good,2606
11/11/2017 17:00,Good,2460
11/11/2017 12:00,Good,1800
4/11/2017 6:00,Good,1547
11/11/2017 8:00,Good,1320
11/11/2017 17:00,Good,2580
11/11/2017 14:00,Good,2280
25/11/2017 18:00,Good,4140
25/11/2017 11:00,Good,7440
11/11/2017 16:00,Good,2400
4/11/2017 16:00,Bad,2618
4/11/2017 5:00,Good,1320
18/11/2017 16:00,Bad,2820
18/11/2017 16:00,Bad,2820
4/11/2017 14:00,Good,2940
4/11/2017 14:00,Good,2940
11/11/2017 15:00,Good,2274
4/11/2017 7:00,Good,1440
11/11/2017 10:00,Good,1709
4/11/2017 12:00,Good,2761
11/11/2017 14:00,Good,2400
11/11/2017 11:00,Good,1620
11/11/2017 6:00,Good,1354
4/11/2017 6:00,Good,1473
11/11/2017 9:00,Good,1200
11/11/2017 11:00,Good,1596
4/11/2017 19:00,Good,2037
4/11/2017 14:00,Good,3180
25/11/2017 15:00,Good,2040
11/11/2017 20:00,Good,1980
11/11/2017 4:00,Good,1620
18/11/2017 8:00,Bad,1680
4/11/2017 8:00,Good,1686
18/11/2017 14:00,Good,2940
11/11/2017 7:00,Good,1261
18/11/2017 12:00,Bad,2640
11/11/2017 11:00,Good,1140
11/11/2017 14:00,Good,2040
11/11/2017 11:00,Good,1440
4/11/2017 12:00,Good,2520
4/11/2017 16:00,Bad,3000
11/11/2017 6:00,Good,1380
18/11/2017 10:00,Bad,1610
25/11/2017 12:00,Good,1708
18/11/2017 5:00,Good,1422
25/11/2017 12:00,Good,1500
18/11/2017 10:00,Bad,1740
4/11/2017 14:00,Good,2982
18/11/2017 7:00,Bad,1322
4/11/2017 16:00,Bad,2894
25/11/2017 7:00,Good,1217
4/11/2017 17:00,Bad,2340
11/11/2017 17:00,Good,2640
11/11/2017 6:00,Good,1560
4/11/2017 14:00,Good,3427
4/11/2017 11:00,Good,2418
4/11/2017 18:00,Bad,2458
11/11/2017 14:00,Good,2400
11/11/2017 12:00,Good,1961
11/11/2017 18:00,Good,2885
4/11/2017 6:00,Good,1293
11/11/2017 8:00,Good,1320
11/11/2017 11:00,Good,1320
4/11/2017 15:00,Good,3615
4/11/2017 16:00,Bad,3420
11/11/2017 6:00,Good,1270
11/11/2017 7:00,Good,1335
11/11/2017 4:00,Good,1219
18/11/2017 5:00,Good,1336
25/11/2017 6:00,Good,1331
11/11/2017 9:00,Good,1571
25/11/2017 12:00,Good,2286
4/11/2017 7:00,Good,1563
25/11/2017 11:00,Good,1541
25/11/2017 11:00,Good,1680
11/11/2017 18:00,Good,3180
11/11/2017 4:00,Good,1338
11/11/2017 8:00,Good,1440
11/11/2017 13:00,Good,420
11/11/2017 7:00,Good,1440
11/11/2017 7:00,Good,1443
11/11/2017 12:00,Good,2700
25/11/2017 6:00,Good,1372
4/11/2017 10:00,Good,2286
4/11/2017 8:00,Good,1421
4/11/2017 13:00,Good,3203
11/11/2017 7:00,Good,1419
11/11/2017 14:00,Good,2220
18/11/2017 5:00,Good,1346
25/11/2017 12:00,Good,1553
25/11/2017 15:00,Good,2204
4/11/2017 14:00,Good,3528
11/11/2017 13:00,Good,2262
11/11/2017 14:00,Good,2100
11/11/2017 8:00,Good,1380
11/11/2017 13:00,Good,2091
11/11/2017 8:00,Good,1205
18/11/2017 3:00,Good,1259
18/11/2017 4:00,Good,1134
4/11/2017 10:00,Good,2694
4/11/2017 12:00,Good,2410
11/11/2017 9:00,Good,1440
18/11/2017 11:00,Good,2520
18/11/2017 10:00,Bad,1560
11/11/2017 6:00,Good,1200
25/11/2017 15:00,Good,2220
25/11/2017 17:00,Good,2160
25/11/2017 12:00,Good,1620
4/11/2017 10:00,Good,1860
4/11/2017 16:00,Bad,2820
4/11/2017 13:00,Good,3394
11/11/2017 14:00,Good,2820
11/11/2017 14:00,Good,2820
11/11/2017 10:00,Good,1560
11/11/2017 10:00,Good,1560
11/11/2017 12:00,Good,1968
4/11/2017 5:00,Good,1200
4/11/2017 10:00,Good,1860
11/11/2017 6:00,Good,1380
11/11/2017 18:00,Good,2460
4/11/2017 19:00,Good,1602
25/11/2017 7:00,Good,1409
25/11/2017 13:00,Good,1740
11/11/2017 17:00,Good,2460
11/11/2017 6:00,Good,1310
18/11/2017 7:00,Bad,1594
11/11/2017 14:00,Good,2412
11/11/2017 17:00,Good,2193
11/11/2017 9:00,Good,1874
18/11/2017 15:00,Good,2983
4/11/2017 14:00,Good,3540
11/11/2017 14:00,Good,2340
11/11/2017 7:00,Good,1200
25/11/2017 19:00,Good,2280
11/11/2017 11:00,Good,1380
11/11/2017 16:00,Good,2760
18/11/2017 15:00,Good,3000
18/11/2017 13:00,Bad,2700
4/11/2017 12:00,Good,3000
18/11/2017 13:00,Bad,3480
4/11/2017 17:00,Bad,2040
18/11/2017 10:00,Bad,1680
11/11/2017 14:00,Good,2280
4/11/2017 13:00,Good,2820
18/11/2017 12:00,Bad,2880
4/11/2017 16:00,Bad,2280
11/11/2017 15:00,Good,2285
11/11/2017 5:00,Good,1301
18/11/2017 12:00,Bad,3480
18/11/2017 16:00,Bad,2940
18/11/2017 16:00,Bad,2760
18/11/2017 10:00,Bad,1260
11/11/2017 11:00,Good,1736
11/11/2017 12:00,Good,2351
11/11/2017 16:00,Good,2220
11/11/2017 14:00,Good,2733
4/11/2017 17:00,Bad,2040
11/11/2017 17:00,Good,2100
4/11/2017 12:00,Good,2460
18/11/2017 13:00,Bad,2460
4/11/2017 14:00,Good,3510
4/11/2017 13:00,Good,2460
11/11/2017 16:00,Good,2560
11/11/2017 14:00,Good,2040
11/11/2017 6:00,Good,1277
4/11/2017 20:00,Good,2220
18/11/2017 14:00,Good,2760
4/11/2017 14:00,Good,3286
11/11/2017 15:00,Good,2800
11/11/2017 5:00,Good,1362
4/11/2017 12:00,Good,2577
4/11/2017 14:00,Good,3261
4/11/2017 17:00,Bad,2580
4/11/2017 9:00,Good,1878
4/11/2017 10:00,Good,2697
4/11/2017 15:00,Good,3351
25/11/2017 9:00,Good,1513
18/11/2017 6:00,Good,1260
18/11/2017 8:00,Bad,1500
4/11/2017 11:00,Good,1800
11/11/2017 6:00,Good,1395
18/11/2017 5:00,Good,1977
4/11/2017 6:00,Good,1620
18/11/2017 8:00,Bad,1740
25/11/2017 10:00,Good,1440
18/11/2017 12:00,Bad,2220
18/11/2017 17:00,Bad,2133
18/11/2017 16:00,Bad,3240
4/11/2017 11:00,Good,2895
11/11/2017 6:00,Good,1380
11/11/2017 12:00,Good,2122
11/11/2017 10:00,Good,1432
11/11/2017 16:00,Good,2427
4/11/2017 12:00,Good,2700
11/11/2017 12:00,Good,1860
4/11/2017 5:00,Good,1200
18/11/2017 11:00,Good,1980
18/11/2017 6:00,Good,1500
4/11/2017 10:00,Good,1980
4/11/2017 14:00,Good,3059
11/11/2017 11:00,Good,1832
4/11/2017 8:00,Good,1757
4/11/2017 15:00,Good,3396
18/11/2017 12:00,Bad,3461
4/11/2017 10:00,Good,2333
11/11/2017 13:00,Good,2103
4/11/2017 1:00,Good,0
11/11/2017 12:00,Good,2330
25/11/2017 16:00,Good,2563
11/11/2017 7:00,Good,1203
4/11/2017 16:00,Bad,2761
11/11/2017 12:00,Good,2029
4/11/2017 6:00,Good,1351
11/11/2017 14:00,Good,2640
11/11/2017 6:00,Good,1380
4/11/2017 7:00,Good,1260
4/11/2017 10:00,Good,1975
11/11/2017 6:00,Good,1200
11/11/2017 5:00,Good,1296
4/11/2017 4:00,Good,1440
11/11/2017 8:00,Good,1440
11/11/2017 12:00,Good,2133
18/11/2017 12:00,Bad,2580
18/11/2017 15:00,Good,2889
4/11/2017 8:00,Good,1800
18/11/2017 10:00,Bad,2280
25/11/2017 17:00,Good,2340
18/11/2017 7:00,Bad,1380
4/11/2017 11:00,Good,2531
11/11/2017 8:00,Good,1500
4/11/2017 18:00,Bad,2280
4/11/2017 17:00,Bad,2580
11/11/2017 14:00,Good,3614
18/11/2017 14:00,Good,2722
4/11/2017 13:00,Good,3420
11/11/2017 8:00,Good,1320
4/11/2017 17:00,Bad,2330
11/11/2017 16:00,Good,4980
11/11/2017 7:00,Good,1320
18/11/2017 6:00,Good,1800
18/11/2017 8:00,Bad,1620
4/11/2017 14:00,Good,3240
4/11/2017 18:00,Bad,2580
18/11/2017 12:00,Bad,2606
4/11/2017 12:00,Good,2460
18/11/2017 14:00,Good,2825
11/11/2017 10:00,Good,1622
11/11/2017 12:00,Good,2015
11/11/2017 8:00,Good,1417
4/11/2017 12:00,Good,3420
11/11/2017 15:00,Good,2280
4/11/2017 6:00,Good,1282
11/11/2017 15:00,Good,3094
4/11/2017 16:00,Bad,3180
4/11/2017 12:00,Good,2520
25/11/2017 3:00,Good,1374
11/11/2017 16:00,Good,2220
11/11/2017 8:00,Good,1140
18/11/2017 14:00,Good,2757
4/11/2017 15:00,Good,3420
18/11/2017 10:00,Bad,1260
11/11/2017 16:00,Good,2213
11/11/2017 9:00,Good,1344
11/11/2017 7:00,Good,1243
11/11/2017 12:00,Good,1794
11/11/2017 15:00,Good,2700
11/11/2017 8:00,Good,1320
4/11/2017 10:00,Good,1620
4/11/2017 14:00,Good,3460
4/11/2017 16:00,Bad,3000
4/11/2017 16:00,Bad,3300
4/11/2017 12:00,Good,2760
11/11/2017 14:00,Good,2340
25/11/2017 14:00,Good,6420
11/11/2017 10:00,Good,1200
25/11/2017 18:00,Good,2345
4/11/2017 20:00,Good,1860
11/11/2017 12:00,Good,1620
11/11/2017 8:00,Good,1740
4/11/2017 16:00,Bad,3540
4/11/2017 8:00,Good,1260
11/11/2017 4:00,Good,1140
18/11/2017 7:00,Bad,1200
4/11/2017 6:00,Good,1472
11/11/2017 6:00,Good,1280
18/11/2017 12:00,Bad,2877
11/11/2017 10:00,Good,1412
25/11/2017 8:00,Good,1260
4/11/2017 6:00,Good,1260
11/11/2017 15:00,Good,2196
18/11/2017 14:00,Good,3480
11/11/2017 14:00,Good,2400
18/11/2017 7:00,Bad,1608
25/11/2017 16:00,Good,2091
4/11/2017 18:00,Bad,2332
11/11/2017 14:00,Good,2100
11/11/2017 12:00,Good,1980
25/11/2017 16:00,Good,2203
11/11/2017 14:00,Good,2040
18/11/2017 18:00,Good,2460
11/11/2017 13:00,Good,4380
25/11/2017 23:00,Good,1500
11/11/2017 18:00,Good,2675
4/11/2017 13:00,Good,2640
18/11/2017 10:00,Bad,2333
18/11/2017 14:00,Good,3172
4/11/2017 17:00,Bad,2340
11/11/2017 10:00,Good,1516
4/11/2017 14:00,Good,3840
4/11/2017 8:00,Good,1260
11/11/2017 6:00,Good,1440
11/11/2017 8:00,Good,1260
18/11/2017 12:00,Bad,2700
18/11/2017 5:00,Good,1320
11/11/2017 7:00,Good,1355
11/11/2017 10:00,Good,1465
11/11/2017 12:00,Good,1933
11/11/2017 15:00,Good,2010
4/11/2017 8:00,Good,1740
11/11/2017 9:00,Good,1620
11/11/2017 10:00,Good,1260
11/11/2017 13:00,Good,2040
4/11/2017 15:00,Good,3300
11/11/2017 10:00,Good,1380
4/11/2017 9:00,Good,1594
11/11/2017 13:00,Good,2256
18/11/2017 17:00,Bad,3022
4/11/2017 12:00,Good,3540
4/11/2017 17:00,Bad,2580
4/11/2017 14:00,Good,3840
4/11/2017 16:00,Bad,2765
11/11/2017 15:00,Good,2540
4/11/2017 16:00,Bad,3058
11/11/2017 16:00,Good,2400
11/11/2017 16:00,Good,2400
4/11/2017 6:00,Good,1267
4/11/2017 6:00,Good,1267
4/11/2017 17:00,Bad,2151
4/11/2017 17:00,Bad,2151
4/11/2017 10:00,Good,2550
11/11/2017 9:00,Good,1260
11/11/2017 6:00,Good,1320
11/11/2017 16:00,Good,2640
11/11/2017 11:00,Good,1440
25/11/2017 17:00,Good,2700
18/11/2017 15:00,Good,2880
4/11/2017 21:00,Good,1800
4/11/2017 12:00,Good,2580
4/11/2017 16:00,Bad,3420
11/11/2017 6:00,Good,1500
4/11/2017 18:00,Bad,2172
11/11/2017 10:00,Good,1560
11/11/2017 10:00,Good,1920
18/11/2017 12:00,Bad,2640
18/11/2017 12:00,Bad,2640
11/11/2017 14:00,Good,2460
11/11/2017 7:00,Good,1260
4/11/2017 15:00,Good,3360
4/11/2017 19:00,Good,2400
4/11/2017 10:00,Good,1680
4/11/2017 12:00,Good,2880
4/11/2017 11:00,Good,2963
18/11/2017 11:00,Good,2178
4/11/2017 11:00,Good,2963
18/11/2017 14:00,Good,3540
11/11/2017 17:00,Good,2475
4/11/2017 12:00,Good,2575
11/11/2017 8:00,Good,1063
11/11/2017 12:00,Good,1747
18/11/2017 8:00,Bad,1417
18/11/2017 12:00,Bad,2175
18/11/2017 10:00,Bad,1560
4/11/2017 20:00,Good,2220
18/11/2017 12:00,Bad,3600
11/11/2017 10:00,Good,1200
25/11/2017 15:00,Good,2356
4/11/2017 9:00,Good,1934
4/11/2017 11:00,Good,2155
11/11/2017 11:00,Good,1211
11/11/2017 6:00,Good,1260
4/11/2017 15:00,Good,3214
11/11/2017 13:00,Good,2693
4/11/2017 15:00,Good,3335
18/11/2017 18:00,Good,2520
11/11/2017 13:00,Good,2280
11/11/2017 11:00,Good,1683
18/11/2017 13:00,Bad,3120
11/11/2017 10:00,Good,1466
25/11/2017 14:00,Good,1828
4/11/2017 10:00,Good,2522
4/11/2017 14:00,Good,2948
25/11/2017 10:00,Good,1080
25/11/2017 18:00,Good,2493
4/11/2017 19:00,Good,2460
11/11/2017 16:00,Good,2220
4/11/2017 4:00,Good,1595
18/11/2017 12:00,Bad,2340
18/11/2017 7:00,Bad,1182
18/11/2017 6:00,Good,1566
18/11/2017 8:00,Bad,1332
4/11/2017 16:00,Bad,3180
4/11/2017 18:00,Bad,2220
4/11/2017 9:00,Good,1843
25/11/2017 13:00,Good,1737
18/11/2017 13:00,Bad,3420
11/11/2017 6:00,Good,1586
4/11/2017 6:00,Good,1532
4/11/2017 16:00,Bad,2820
18/11/2017 15:00,Good,3240
11/11/2017 14:00,Good,2400
11/11/2017 17:00,Good,3180
11/11/2017 11:00,Good,1620
25/11/2017 15:00,Good,2195
11/11/2017 16:00,Good,2040
4/11/2017 14:00,Good,3300
4/11/2017 17:00,Bad,2760
11/11/2017 16:00,Good,2400
11/11/2017 6:00,Good,1320
11/11/2017 7:00,Good,1440
11/11/2017 12:00,Good,1620
11/11/2017 6:00,Good,1095
4/11/2017 12:00,Good,2929
11/11/2017 16:00,Good,2310
11/11/2017 8:00,Good,1364
4/11/2017 8:00,Good,1299
11/11/2017 8:00,Good,1200
18/11/2017 8:00,Bad,1260
11/11/2017 11:00,Good,2032
11/11/2017 9:00,Good,1316
18/11/2017 7:00,Bad,1454
11/11/2017 12:00,Good,1909
11/11/2017 9:00,Good,1494
11/11/2017 10:00,Good,1529
11/11/2017 16:00,Good,2548
18/11/2017 21:00,Bad,1748
11/11/2017 12:00,Good,1993
11/11/2017 16:00,Good,2400
4/11/2017 17:00,Bad,2280
11/11/2017 17:00,Good,2089
25/11/2017 12:00,Good,1646
11/11/2017 14:00,Good,1980
4/11/2017 8:00,Good,1406
18/11/2017 13:00,Bad,3779
4/11/2017 15:00,Good,3366
4/11/2017 15:00,Good,3180
4/11/2017 4:00,Good,1260
11/11/2017 9:00,Good,1260
4/11/2017 18:00,Bad,3060
11/11/2017 7:00,Good,1380
11/11/2017 14:00,Good,2220
4/11/2017 14:00,Good,3000
11/11/2017 7:00,Good,1395
4/11/2017 14:00,Good,3982
4/11/2017 11:00,Good,2657
11/11/2017 15:00,Good,2454
4/11/2017 9:00,Good,0
4/11/2017 14:00,Good,3300
4/11/2017 7:00,Good,1427
11/11/2017 6:00,Good,1436
11/11/2017 16:00,Good,2205
11/11/2017 9:00,Good,1359
18/11/2017 10:00,Bad,2083
18/11/2017 11:00,Good,2312
4/11/2017 17:00,Bad,2472
4/11/2017 17:00,Bad,2580
11/11/2017 14:00,Good,2287
18/11/2017 12:00,Bad,2467
11/11/2017 16:00,Good,2312
11/11/2017 10:00,Good,1620
11/11/2017 15:00,Good,2880
11/11/2017 14:00,Good,2580
4/11/2017 16:00,Bad,2820
11/11/2017 14:00,Good,2464
4/11/2017 11:00,Good,2640
4/11/2017 16:00,Bad,2903
11/11/2017 7:00,Good,1440
11/11/2017 13:00,Good,2233
11/11/2017 9:00,Good,1440
11/11/2017 16:00,Good,2580
11/11/2017 12:00,Good,2160
11/11/2017 17:00,Good,2310
11/11/2017 8:00,Good,1500
25/11/2017 10:00,Good,1680
11/11/2017 10:00,Good,1440
11/11/2017 8:00,Good,1440
25/11/2017 11:00,Good,1680
4/11/2017 8:00,Good,1440
4/11/2017 7:00,Good,1440
4/11/2017 16:00,Bad,3180
11/11/2017 10:00,Good,1200
11/11/2017 7:00,Good,1348
4/11/2017 17:00,Bad,2520
11/11/2017 14:00,Good,2274
4/11/2017 12:00,Good,3292
11/11/2017 11:00,Good,1740
4/11/2017 12:00,Good,2520
4/11/2017 20:00,Good,1462
11/11/2017 19:00,Good,1916
4/11/2017 11:00,Good,2456
11/11/2017 8:00,Good,1200
11/11/2017 6:00,Good,1380
18/11/2017 6:00,Good,1405
4/11/2017 14:00,Good,3482
18/11/2017 8:00,Bad,1313
25/11/2017 11:00,Good,1265
11/11/2017 7:00,Good,1320
18/11/2017 16:00,Bad,3120
11/11/2017 8:00,Good,1380
11/11/2017 12:00,Good,1500
11/11/2017 10:00,Good,1500
18/11/2017 5:00,Good,1311
25/11/2017 17:00,Good,2580
4/11/2017 10:00,Good,1740
4/11/2017 8:00,Good,1500
4/11/2017 18:00,Bad,480
4/11/2017 16:00,Bad,2760
11/11/2017 14:00,Good,2465
4/11/2017 16:00,Bad,3360
11/11/2017 13:00,Good,1980
11/11/2017 16:00,Good,2294
18/11/2017 7:00,Bad,1320
4/11/2017 13:00,Good,3000
4/11/2017 9:00,Good,1440
18/11/2017 11:00,Good,1800
11/11/2017 16:00,Good,2804
11/11/2017 5:00,Good,1860
4/11/2017 12:00,Good,2239
11/11/2017 16:00,Good,2820
4/11/2017 5:00,Good,1018
11/11/2017 23:00,Good,1416
11/11/2017 6:00,Good,1456
18/11/2017 6:00,Good,1520
11/11/2017 10:00,Good,1560
11/11/2017 9:00,Good,1080
11/11/2017 10:00,Good,1320
25/11/2017 11:00,Good,1800
4/11/2017 15:00,Good,3448
4/11/2017 8:00,Good,1690
18/11/2017 6:00,Good,1331
18/11/2017 6:00,Good,1500
11/11/2017 18:00,Good,1978
18/11/2017 9:00,Bad,1497
4/11/2017 16:00,Bad,2820
4/11/2017 9:00,Good,1680
4/11/2017 10:00,Good,1680
18/11/2017 6:00,Good,1335
4/11/2017 12:00,Good,2263
4/11/2017 0:00,Good,1560
4/11/2017 10:00,Good,2632
4/11/2017 14:00,Good,2964
18/11/2017 5:00,Good,1656
4/11/2017 11:00,Good,2400
4/11/2017 18:00,Bad,2460
4/11/2017 14:00,Good,3480
11/11/2017 4:00,Good,1491
4/11/2017 12:00,Good,2757
11/11/2017 12:00,Good,1975
11/11/2017 13:00,Good,2148
4/11/2017 13:00,Good,3180
18/11/2017 13:00,Bad,3720
25/11/2017 14:00,Good,1800
18/11/2017 18:00,Good,1484
11/11/2017 11:00,Good,1680
25/11/2017 16:00,Good,2767
4/11/2017 12:00,Good,2520
11/11/2017 12:00,Good,1860
4/11/2017 18:00,Bad,2488
11/11/2017 8:00,Good,1200
25/11/2017 5:00,Good,1265
4/11/2017 11:00,Good,2325
18/11/2017 6:00,Good,1500
18/11/2017 5:00,Good,1568
4/11/2017 16:00,Bad,3420
4/11/2017 6:00,Good,1519
11/11/2017 8:00,Good,1380
4/11/2017 17:00,Bad,2518
18/11/2017 8:00,Bad,1495
11/11/2017 7:00,Good,1380
18/11/2017 18:00,Good,1800
4/11/2017 14:00,Good,3831
25/11/2017 11:00,Good,1516
4/11/2017 8:00,Good,1260
4/11/2017 11:00,Good,2400
25/11/2017 12:00,Good,1440
11/11/2017 12:00,Good,1800
25/11/2017 17:00,Good,2220
4/11/2017 12:00,Good,3180
4/11/2017 7:00,Good,1200
4/11/2017 14:00,Good,3000
4/11/2017 7:00,Good,1538
4/11/2017 8:00,Good,1673
4/11/2017 14:00,Good,3539
4/11/2017 4:00,Good,1341
11/11/2017 7:00,Good,1425
11/11/2017 5:00,Good,1340
11/11/2017 3:00,Good,1203
11/11/2017 12:00,Good,1997
11/11/2017 8:00,Good,1519
4/11/2017 6:00,Good,1462
4/11/2017 15:00,Good,3699
4/11/2017 15:00,Good,3180
4/11/2017 11:00,Good,2475
11/11/2017 6:00,Good,1260
11/11/2017 13:00,Good,2220
25/11/2017 18:00,Good,3684
18/11/2017 20:00,Good,1715
25/11/2017 5:00,Good,1440
18/11/2017 13:00,Bad,3526
18/11/2017 6:00,Good,1638
4/11/2017 18:00,Bad,1775
4/11/2017 10:00,Good,2460
4/11/2017 19:00,Good,1861
11/11/2017 21:00,Good,1363
11/11/2017 7:00,Good,1260
11/11/2017 10:00,Good,1486
11/11/2017 14:00,Good,2491
18/11/2017 8:00,Bad,1565
4/11/2017 11:00,Good,2760
4/11/2017 6:00,Good,1920
4/11/2017 8:00,Good,1392
4/11/2017 17:00,Bad,2132
18/11/2017 13:00,Bad,2700
18/11/2017 7:00,Bad,1331
11/11/2017 7:00,Good,1379
25/11/2017 13:00,Good,1800
4/11/2017 17:00,Bad,2340
4/11/2017 12:00,Good,2460
4/11/2017 19:00,Good,1748
4/11/2017 12:00,Good,3000
11/11/2017 11:00,Good,1680
25/11/2017 10:00,Good,1584
11/11/2017 12:00,Good,1680
18/11/2017 8:00,Bad,1620
4/11/2017 7:00,Good,1140
4/11/2017 17:00,Bad,2134
11/11/2017 12:00,Good,1860
11/11/2017 15:00,Good,2220
11/11/2017 11:00,Good,1731
4/11/2017 15:00,Good,2400
11/11/2017 20:00,Good,1800
18/11/2017 14:00,Good,3291
4/11/2017 12:00,Good,2700
11/11/2017 8:00,Good,1392
4/11/2017 15:00,Good,3262
11/11/2017 6:00,Good,1670
11/11/2017 4:00,Good,1380
11/11/2017 9:00,Good,1384
4/11/2017 16:00,Bad,2580
11/11/2017 8:00,Good,1365
11/11/2017 12:00,Good,1500
11/11/2017 11:00,Good,2110
11/11/2017 12:00,Good,1990
4/11/2017 16:00,Bad,2340
4/11/2017 10:00,Good,2114
18/11/2017 8:00,Bad,1200
4/11/2017 14:00,Good,2744
4/11/2017 8:00,Good,1601
18/11/2017 8:00,Bad,1483
11/11/2017 16:00,Good,2400
4/11/2017 14:00,Good,2704
4/11/2017 12:00,Good,2898
11/11/2017 17:00,Good,2280
11/11/2017 19:00,Good,1923
4/11/2017 10:00,Good,2055
4/11/2017 16:00,Bad,3240
18/11/2017 14:00,Good,3660
11/11/2017 10:00,Good,1500
11/11/2017 15:00,Good,2200
4/11/2017 16:00,Bad,2926
11/11/2017 13:00,Good,2449
11/11/2017 4:00,Good,1254
4/11/2017 12:00,Good,2340
11/11/2017 18:00,Good,2160
11/11/2017 14:00,Good,2400
4/11/2017 7:00,Good,1260
11/11/2017 10:00,Good,1330
25/11/2017 5:00,Good,1560
11/11/2017 8:00,Good,1339
11/11/2017 6:00,Good,1380
4/11/2017 7:00,Good,1380
25/11/2017 16:00,Good,2400
11/11/2017 16:00,Good,2634
18/11/2017 14:00,Good,3604
11/11/2017 10:00,Good,1174
11/11/2017 10:00,Good,1385
18/11/2017 12:00,Bad,2560
18/11/2017 10:00,Bad,1908
11/11/2017 5:00,Good,1260
11/11/2017 10:00,Good,1500
11/11/2017 11:00,Good,1740
4/11/2017 8:00,Good,1380
11/11/2017 9:00,Good,1280
4/11/2017 6:00,Good,1168
4/11/2017 6:00,Good,1200
4/11/2017 15:00,Good,3207
11/11/2017 8:00,Good,1200
11/11/2017 5:00,Good,1380
4/11/2017 11:00,Good,2693
4/11/2017 12:00,Good,2554
25/11/2017 18:00,Good,2520
4/11/2017 9:00,Good,1782
4/11/2017 10:00,Good,2700
11/11/2017 17:00,Good,2280
4/11/2017 15:00,Good,3144
11/11/2017 16:00,Good,2280
4/11/2017 11:00,Good,2700
18/11/2017 15:00,Good,3240
18/11/2017 12:00,Bad,2400
11/11/2017 7:00,Good,1380
11/11/2017 18:00,Good,2099
4/11/2017 12:00,Good,3275
4/11/2017 12:00,Good,2492
25/11/2017 12:00,Good,1440
11/11/2017 10:00,Good,1303
4/11/2017 14:00,Good,2700
18/11/2017 16:00,Bad,2186
11/11/2017 6:00,Good,1500
25/11/2017 11:00,Good,0
11/11/2017 10:00,Good,1318
11/11/2017 13:00,Good,2100
11/11/2017 8:00,Good,1380
4/11/2017 16:00,Bad,2834
